benchmark,target,n_mol,n_active,ef1,ef1_ceiling,pct_of_ceiling,bedroc,auroc
DUD-E,INHA,2343,43,54.4884,54.4884,1.0000,0.9974,0.9999
DUD-E,AA2AR,32010,482,66.4108,66.4108,1.0000,0.9948,0.9990
DUD-E,ABL1,10929,182,60.0495,60.0495,1.0000,0.9831,0.9851
DUD-E,ACE,17173,282,60.8972,60.8972,1.0000,0.9925,0.9915
DUD-E,ACES,26691,453,58.9205,58.9205,1.0000,0.9864,0.9894
DUD-E,ADA,5543,93,59.6022,59.6022,1.0000,0.9946,0.9921
DUD-E,ADA17,36426,532,68.4699,68.4699,1.0000,0.9986,0.9986
DUD-E,ADRB1,16095,247,65.1619,65.1619,1.0000,0.9875,0.9961
DUD-E,ADRB2,15230,231,65.9307,65.9307,1.0000,0.9908,0.9965
DUD-E,AKT1,16740,293,57.1331,57.1331,1.0000,0.9888,0.9924
DUD-E,AKT2,7013,117,59.9402,59.9402,1.0000,0.9959,0.9935
DUD-E,ALDR,9154,159,57.5723,57.5723,1.0000,0.9788,0.9913
DUD-E,AMPC,2898,48,60.3750,60.3750,1.0000,0.9047,0.9327
DUD-E,ANDR,14615,268,54.5336,54.5336,1.0000,0.9832,0.9914
DUD-E,AOFB,7012,122,57.4754,57.4754,1.0000,0.9562,0.9811
DUD-E,BACE1,18380,283,64.9470,64.9470,1.0000,0.9898,0.9952
DUD-E,BRAF,10099,152,66.4408,66.4408,1.0000,0.9912,0.9937
DUD-E,CAH2,31652,492,64.3333,64.3333,1.0000,0.9924,0.9960
DUD-E,CASP3,10894,199,54.7437,54.7437,1.0000,0.9935,0.9968
DUD-E,CDK2,28320,474,59.7468,59.7468,1.0000,0.9815,0.9910
DUD-E,COMT,3889,41,94.8537,94.8537,1.0000,1.0000,1.0000
DUD-E,CP2C9,7569,120,63.0750,63.0750,1.0000,0.9228,0.9796
DUD-E,CP3A4,11968,170,70.4000,70.4000,1.0000,0.8875,0.9542
DUD-E,CSF1R,12309,166,74.1506,74.1506,1.0000,0.9733,0.9958
DUD-E,CXCR4,3446,40,86.1500,86.1500,1.0000,0.9987,1.0000
DUD-E,DEF,5798,102,56.8431,56.8431,1.0000,0.9998,1.0000
DUD-E,DHI1,19675,330,59.6212,59.6212,1.0000,0.9944,0.9968
DUD-E,DPP4,41459,533,77.7842,77.7842,1.0000,0.9960,0.9971
DUD-E,DRD3,34518,480,71.9125,71.9125,1.0000,0.9878,0.9945
DUD-E,DYR,17423,231,75.4242,75.4242,1.0000,0.9866,0.9938
DUD-E,EGFR,35584,542,65.6531,65.6531,1.0000,0.9899,0.9961
DUD-E,ESR1,21060,382,55.1309,55.1309,1.0000,0.9917,0.9919
DUD-E,ESR2,20556,366,56.1639,56.1639,1.0000,0.9928,0.9895
DUD-E,FA10,28847,537,53.7188,53.7188,1.0000,0.9995,1.0000
DUD-E,FA7,6362,114,55.8070,55.8070,1.0000,1.0000,1.0000
DUD-E,FABP4,2796,47,59.4894,59.4894,1.0000,0.9685,0.9825
DUD-E,FAK1,5449,100,54.4900,54.4900,1.0000,0.9679,0.9853
DUD-E,FGFR1,8835,139,63.5612,63.5612,1.0000,0.9829,0.9963
DUD-E,FKB1A,5911,111,53.2523,53.2523,1.0000,0.9961,0.9979
DUD-E,FNTA,52056,592,87.9324,87.9324,1.0000,0.9949,0.9949
DUD-E,FPPS,8928,85,99.2000,100.0000,0.9920,0.9996,1.0000
DUD-E,GCR,15254,257,59.3541,59.3541,1.0000,0.9922,0.9930
DUD-E,GLCM,3853,54,71.3519,71.3519,1.0000,0.9860,0.9933
DUD-E,GRIA2,12001,158,75.9557,75.9557,1.0000,0.9860,0.9994
DUD-E,GRIK1,6647,101,65.8119,65.8119,1.0000,0.9985,1.0000
DUD-E,HDAC2,10485,185,56.6757,56.6757,1.0000,0.9941,0.9916
DUD-E,HDAC8,10618,170,62.4588,62.4588,1.0000,0.9881,0.9800
DUD-E,HIVINT,6750,100,67.5000,67.5000,1.0000,0.9780,0.9918
DUD-E,HIVPR,36283,536,67.6922,67.6922,1.0000,0.9891,0.9865
DUD-E,HIVRT,19216,338,56.8521,56.8521,1.0000,0.9847,0.9892
DUD-E,HMDH,8919,170,52.4647,52.4647,1.0000,0.9950,0.9933
DUD-E,HS90A,4937,88,56.1023,56.1023,1.0000,0.9944,0.9975
DUD-E,HXK4,4792,92,52.0870,52.0870,1.0000,0.9999,1.0000
DUD-E,IGF1R,9448,148,63.8378,63.8378,1.0000,0.9822,0.9899
DUD-E,ITAL,8637,138,62.5870,62.5870,1.0000,1.0000,1.0000
DUD-E,JAK2,6607,107,61.7477,61.7477,1.0000,0.9766,0.9835
DUD-E,KIF11,6966,116,60.0517,60.0517,1.0000,0.9958,0.9986
DUD-E,KIT,10609,166,63.9096,63.9096,1.0000,0.9729,0.9875
DUD-E,KITH,2907,57,51.0000,51.0000,1.0000,0.9999,1.0000
DUD-E,KPCB,8833,135,65.4296,65.4296,1.0000,0.9728,0.9772
DUD-E,LCK,27813,420,66.2214,66.2214,1.0000,0.9885,0.9940
DUD-E,LKHA4,9617,171,56.2398,56.2398,1.0000,0.9951,0.9991
DUD-E,MAPK2,6246,101,61.8416,61.8416,1.0000,0.9941,0.9947
DUD-E,MCR,5242,93,56.3656,56.3656,1.0000,0.9950,0.9920
DUD-E,MET,11411,166,68.7410,68.7410,1.0000,0.9817,0.9907
DUD-E,MK01,4629,79,58.5949,58.5949,1.0000,0.9702,0.9645
DUD-E,MK10,6701,104,64.4327,64.4327,1.0000,0.9502,0.9774
DUD-E,MK14,36415,578,63.0017,63.0017,1.0000,0.9955,0.9968
DUD-E,MMP13,37766,572,66.0245,66.0245,1.0000,0.9969,0.9997
DUD-E,MP2K1,8267,121,68.3223,68.3223,1.0000,0.9787,0.9896
DUD-E,NOS1,8140,100,81.4000,81.4000,1.0000,0.9834,0.9955
DUD-E,NRAM,6297,98,64.2551,64.2551,1.0000,0.9986,1.0000
DUD-E,PA2GA,5249,99,53.0202,53.0202,1.0000,0.9801,0.9814
DUD-E,PARP1,30542,508,60.1220,60.1220,1.0000,0.9979,0.9998
DUD-E,PDE5A,27927,398,70.1683,70.1683,1.0000,0.9928,0.9984
DUD-E,PGH1,10992,195,56.3692,56.3692,1.0000,0.9623,0.9846
DUD-E,PGH2,23563,435,54.1678,54.1678,1.0000,0.9794,0.9905
DUD-E,PLK1,6907,107,64.5514,64.5514,1.0000,0.9794,0.9778
DUD-E,PNPH,7049,103,68.4369,68.4369,1.0000,1.0000,1.0000
DUD-E,PPARA,19772,373,53.0080,53.0080,1.0000,0.9964,0.9964
DUD-E,PPARD,12489,240,52.0375,52.0375,1.0000,0.9947,0.9960
DUD-E,PPARG,25783,484,53.2707,53.2707,1.0000,0.9916,0.9971
DUD-E,PRGR,15941,293,54.4061,54.4061,1.0000,0.9931,0.9997
DUD-E,PTN1,7379,130,56.7615,56.7615,1.0000,0.9868,0.9946
DUD-E,PUR2,2750,50,55.0000,55.0000,1.0000,0.9988,1.0000
DUD-E,PYGM,4025,77,52.2727,52.2727,1.0000,0.9989,1.0000
DUD-E,PYRD,6560,111,59.0991,59.0991,1.0000,0.9989,1.0000
DUD-E,RENI,7062,104,67.9038,67.9038,1.0000,0.9954,0.9997
DUD-E,ROCK1,6400,100,64.0000,64.0000,1.0000,0.9831,0.9885
DUD-E,RXRA,7081,131,54.0534,54.0534,1.0000,1.0000,1.0000
DUD-E,SAHH,3512,63,55.7460,55.7460,1.0000,0.9977,1.0000
DUD-E,SRC,35020,524,66.8321,66.8321,1.0000,0.9802,0.9875
DUD-E,TGFR1,8628,133,64.8722,64.8722,1.0000,0.9962,0.9976
DUD-E,THB,7553,103,73.3301,73.3301,1.0000,0.9994,1.0000
DUD-E,THRB,27461,461,59.5683,59.5683,1.0000,1.0000,1.0000
DUD-E,TRY1,26424,449,58.8508,58.8508,1.0000,0.9953,0.9961
DUD-E,TRYB1,7796,148,52.6757,52.6757,1.0000,0.9971,0.9973
DUD-E,TYSY,6852,109,62.8624,62.8624,1.0000,0.9903,0.9981
DUD-E,UROK,10005,162,61.7593,61.7593,1.0000,0.9930,0.9984
DUD-E,VGFR2,25353,409,61.9878,61.9878,1.0000,0.9905,0.9979
DUD-E,WEE1,6250,102,61.2745,61.2745,1.0000,0.9975,0.9999
DUD-E,XIAP,5250,100,52.5000,52.5000,1.0000,0.9999,1.0000
DEKOIS 2.0,11BETAHSD1,1236,37,33.4054,33.4054,1.0000,0.9389,0.9700
DEKOIS 2.0,17BETAHSD1,1239,39,31.7692,31.7692,1.0000,0.9592,0.9621
DEKOIS 2.0,A2A,1240,40,28.6154,31.0000,0.9231,0.7792,0.9368
DEKOIS 2.0,ACE,1240,40,31.0000,31.0000,1.0000,0.9887,0.9914
DEKOIS 2.0,ACE2,1240,40,31.0000,31.0000,1.0000,0.9910,1.0000
DEKOIS 2.0,ACHE,1238,40,30.9500,30.9500,1.0000,0.9961,0.9998
DEKOIS 2.0,ADAM17,1239,40,30.9750,30.9750,1.0000,0.9767,0.9969
DEKOIS 2.0,ADRB2,1240,40,31.0000,31.0000,1.0000,0.9861,0.9719
DEKOIS 2.0,AKT1,1240,40,28.6154,31.0000,0.9231,0.9402,0.9520
DEKOIS 2.0,ALR2,1240,40,31.0000,31.0000,1.0000,0.9718,0.9808
DEKOIS 2.0,AR,1238,40,28.5692,30.9500,0.9231,0.9118,0.9849
DEKOIS 2.0,AURKA,1240,40,28.6154,31.0000,0.9231,0.8895,0.9672
DEKOIS 2.0,AURKB,1239,40,30.9750,30.9750,1.0000,0.8748,0.9912
DEKOIS 2.0,BCL2,1240,40,31.0000,31.0000,1.0000,0.9552,0.9309
DEKOIS 2.0,BRAF,1240,40,31.0000,31.0000,1.0000,0.9973,0.9999
DEKOIS 2.0,CATL,1240,40,31.0000,31.0000,1.0000,0.9851,0.9984
DEKOIS 2.0,CDK2,1240,40,16.6923,31.0000,0.5385,0.4382,0.7753
DEKOIS 2.0,COX1,1239,40,30.9750,30.9750,1.0000,0.9756,0.9819
DEKOIS 2.0,COX2,1239,40,30.9750,30.9750,1.0000,0.9780,0.9739
DEKOIS 2.0,CTSK,1240,40,31.0000,31.0000,1.0000,0.9940,0.9772
DEKOIS 2.0,CYP2A6,1239,40,19.0615,30.9750,0.6154,0.5760,0.9372
DEKOIS 2.0,DHFR,1239,40,28.5923,30.9750,0.9231,0.8774,0.9069
DEKOIS 2.0,EGFR,1237,40,28.5462,30.9250,0.9231,0.8500,0.9274
DEKOIS 2.0,EPHB4,1239,40,30.9750,30.9750,1.0000,0.9823,0.9713
DEKOIS 2.0,ERBB2,1239,40,30.9750,30.9750,1.0000,0.9996,1.0000
DEKOIS 2.0,ER-BETA,1240,40,28.6154,31.0000,0.9231,0.9075,0.9837
DEKOIS 2.0,FGFR1,1240,40,31.0000,31.0000,1.0000,0.9437,0.9711
DEKOIS 2.0,FKBP1A,1240,40,31.0000,31.0000,1.0000,0.9946,0.9991
DEKOIS 2.0,FXA,1240,40,28.6154,31.0000,0.9231,0.8635,0.9469
DEKOIS 2.0,GBA,1236,40,30.9000,30.9000,1.0000,0.9818,0.9768
DEKOIS 2.0,GR,1240,40,31.0000,31.0000,1.0000,0.9974,0.9999
DEKOIS 2.0,GSK3B,1239,40,19.0615,30.9750,0.6154,0.5651,0.8511
DEKOIS 2.0,HDAC2,1240,40,31.0000,31.0000,1.0000,0.9696,0.9730
DEKOIS 2.0,HDAC8,1240,40,31.0000,31.0000,1.0000,0.9698,0.9977
DEKOIS 2.0,HIV1PR,1240,40,31.0000,31.0000,1.0000,0.9449,0.9893
DEKOIS 2.0,HIV1RT,1237,40,26.1673,30.9250,0.8462,0.8434,0.9535
DEKOIS 2.0,HMGR,1240,40,31.0000,31.0000,1.0000,0.9881,0.9575
DEKOIS 2.0,HSP90,1240,40,31.0000,31.0000,1.0000,0.9659,0.9550
DEKOIS 2.0,IGF1R,1240,40,31.0000,31.0000,1.0000,0.9249,0.9788
DEKOIS 2.0,INHA,1240,40,31.0000,31.0000,1.0000,0.9598,0.9957
DEKOIS 2.0,ITK,1238,40,30.9500,30.9500,1.0000,0.9685,0.9363
DEKOIS 2.0,JAK3,1240,40,31.0000,31.0000,1.0000,0.9185,0.9551
DEKOIS 2.0,JNK1,1240,40,28.6154,31.0000,0.9231,0.8074,0.9135
DEKOIS 2.0,JNK2,1240,40,26.2308,31.0000,0.8462,0.7904,0.9007
DEKOIS 2.0,JNK3,1240,40,26.2308,31.0000,0.8462,0.7467,0.8981
DEKOIS 2.0,KIF11,1240,40,31.0000,31.0000,1.0000,0.9984,1.0000
DEKOIS 2.0,LCK,1239,40,26.2096,30.9750,0.8462,0.8030,0.9444
DEKOIS 2.0,MDM2,1240,40,31.0000,31.0000,1.0000,0.9942,0.9828
DEKOIS 2.0,MK2,1239,40,30.9750,30.9750,1.0000,0.9740,0.9828
DEKOIS 2.0,MMP2,1238,40,30.9500,30.9500,1.0000,0.9387,0.9738
DEKOIS 2.0,NA,1238,40,30.9500,30.9500,1.0000,0.9997,1.0000
DEKOIS 2.0,P38-ALPHA,1240,40,31.0000,31.0000,1.0000,0.9827,0.9970
DEKOIS 2.0,PARP-1,1237,40,28.5462,30.9250,0.9231,0.7485,0.9657
DEKOIS 2.0,PDE4B,1240,40,31.0000,31.0000,1.0000,0.9976,0.9999
DEKOIS 2.0,PDE5,1240,40,31.0000,31.0000,1.0000,0.9784,0.9981
DEKOIS 2.0,PDK1,1240,40,28.6154,31.0000,0.9231,0.9585,0.9910
DEKOIS 2.0,PI3KG,1240,40,31.0000,31.0000,1.0000,0.9170,0.8861
DEKOIS 2.0,PIM-1,1239,40,30.9750,30.9750,1.0000,0.9065,0.9410
DEKOIS 2.0,PIM-2,1237,40,28.5462,30.9250,0.9231,0.8773,0.9398
DEKOIS 2.0,PNP,1236,40,30.9000,30.9000,1.0000,0.9944,0.9997
DEKOIS 2.0,PPARA,1240,40,31.0000,31.0000,1.0000,0.9719,0.9874
DEKOIS 2.0,PPARG,1240,40,31.0000,31.0000,1.0000,0.8770,0.9142
DEKOIS 2.0,PR,1239,40,30.9750,30.9750,1.0000,0.9688,0.9672
DEKOIS 2.0,PRKCQ,1239,40,30.9750,30.9750,1.0000,0.9879,0.9720
DEKOIS 2.0,PYGL-IN,1240,40,31.0000,31.0000,1.0000,0.9996,1.0000
DEKOIS 2.0,PYGL-OUT,1240,40,31.0000,31.0000,1.0000,0.9996,1.0000
DEKOIS 2.0,QPCT,1240,40,31.0000,31.0000,1.0000,0.9968,0.9998
DEKOIS 2.0,ROCK-1,1240,40,31.0000,31.0000,1.0000,0.9589,0.9683
DEKOIS 2.0,RXR,1239,40,30.9750,30.9750,1.0000,0.9996,1.0000
DEKOIS 2.0,SARS-HCOV,1207,39,30.9487,30.9487,1.0000,0.9285,0.9398
DEKOIS 2.0,SIRT2,1238,40,30.9500,30.9500,1.0000,0.9329,0.9594
DEKOIS 2.0,SRC,1240,40,23.8462,31.0000,0.7692,0.7605,0.9392
DEKOIS 2.0,THROMBIN,1240,40,28.6154,31.0000,0.9231,0.9077,0.9407
DEKOIS 2.0,TIE2,1240,40,26.2308,31.0000,0.8462,0.7798,0.9405
DEKOIS 2.0,TK,1238,40,28.5692,30.9500,0.9231,0.9488,0.9985
DEKOIS 2.0,TP,1236,40,30.9000,30.9000,1.0000,0.9926,0.9979
DEKOIS 2.0,TPA,1238,40,30.9500,30.9500,1.0000,0.9783,0.9924
DEKOIS 2.0,TS,1237,40,30.9250,30.9250,1.0000,0.9942,0.9970
DEKOIS 2.0,UPA,1239,40,30.9750,30.9750,1.0000,0.9920,0.9987
DEKOIS 2.0,VEGFR1,1239,40,30.9750,30.9750,1.0000,0.7928,0.9123
DEKOIS 2.0,VEGFR2,1240,40,21.4615,31.0000,0.6923,0.6778,0.9160
LIT-PCBA,PPARG,5237,27,36.5968,100.0000,0.3660,0.3507,0.7414
LIT-PCBA,VDR,356123,882,39.2205,100.0000,0.3922,0.3841,0.7925
LIT-PCBA,ALDH1,144976,7166,9.9571,20.2311,0.4922,0.4269,0.7409
LIT-PCBA,ESR1_ago,5595,13,0.0000,100.0000,0.0000,0.0001,0.5975
LIT-PCBA,FEN1,355678,369,49.0485,100.0000,0.4905,0.4640,0.8524
LIT-PCBA,GBA,296037,166,59.6259,100.0000,0.5963,0.5468,0.8355
LIT-PCBA,TP53,4247,79,37.5066,53.7595,0.6977,0.6297,0.7459
LIT-PCBA,PKM2,246003,546,40.4321,100.0000,0.4043,0.3839,0.8298
LIT-PCBA,ESR1_ant,5049,102,26.2059,49.5000,0.5294,0.4294,0.7125
LIT-PCBA,MTORC1,33069,97,21.6292,100.0000,0.2163,0.2537,0.7330
LIT-PCBA,OPRK1,269769,24,66.6590,100.0000,0.6666,0.6604,0.8730
LIT-PCBA,ADRB2,312418,17,35.2849,100.0000,0.3528,0.3456,0.6467
LIT-PCBA,IDH1,361997,39,38.4612,100.0000,0.3846,0.3434,0.7167
LIT-PCBA,KAT2A,348606,194,26.2816,100.0000,0.2628,0.2279,0.6655
LIT-PCBA,MAPK1,62808,308,11.3470,100.0000,0.1135,0.1396,0.7002
