model,train_set,n_seen,n_unseen,ef1_seen,ef1_unseen,ef1_decay,auroc_seen,auroc_unseen,auroc_decay,p_mwu,ef1_L1,ef1_L4,ef1_decay_L1L4
drugclip,A,265,152,17.0259,7.6514,0.5850,0.7442,0.6651,0.3240,0.000000,15.2897,8.8537,0.4504
bindclip_randneg,A,265,152,16.0389,8.3479,0.5114,0.7386,0.6710,0.2834,0.000000,16.0916,7.1874,0.5900
bindclip_hardneg,A,265,152,15.9780,7.7252,0.5510,0.7298,0.6610,0.2991,0.000000,17.5825,6.2185,0.6853
ligunity_pocket_ranking,B,334,75,30.5891,9.2798,0.7202,0.8653,0.6282,0.6489,0.000000,29.8268,9.9102,0.6909
ligunity_protein_ranking,B,334,75,34.4347,11.4569,0.6872,0.8871,0.7051,0.4701,0.000000,36.0232,11.3766,0.7037
litenclip,B,334,75,26.4213,8.8132,0.6927,0.8568,0.6816,0.4911,0.000000,28.7455,9.7014,0.6864
hypseek_rk,B,332,75,29.7093,8.5219,0.7380,0.8969,0.6993,0.4979,0.000000,29.6025,9.0809,0.7175
conplex,C,184,209,7.0458,2.6647,0.7247,0.5955,0.5406,0.5751,0.000000,4.5911,2.1984,0.6663
sprint,D,33,321,2.4065,2.1887,0.1548,0.5239,0.5683,-1.8554,0.841200,1.8246,1.5891,0.2856
